race,driver,team,grid_position,quali_position,driver_points,avg_track_temp,rainfall,avg_lap_gap,n_pitstops,dnf,finish_position,won
Bahrain,VER,Red Bull Racing,1.0,1.0,0.0,23.652866242038222,0,3.077150943396248,2,0,1.0,1
Bahrain,PER,Red Bull Racing,5.0,5.0,0.0,23.652866242038222,0,3.642309090909066,2,0,2.0,0
Bahrain,SAI,Ferrari,4.0,4.0,0.0,23.652866242038222,0,3.7012181818181915,2,0,3.0,0
Bahrain,LEC,Ferrari,2.0,2.0,0.0,23.652866242038222,0,3.855648148148134,2,0,4.0,0
Bahrain,RUS,Mercedes,3.0,3.0,0.0,23.652866242038222,0,4.042963636363623,2,0,5.0,0
Bahrain,NOR,McLaren,7.0,7.0,0.0,23.652866242038222,0,3.9913333333333156,2,0,6.0,0
Bahrain,HAM,Mercedes,9.0,9.0,0.0,23.652866242038222,0,4.027648148148145,2,0,7.0,0
Bahrain,PIA,McLaren,8.0,8.0,0.0,23.652866242038222,0,4.056981481481486,2,0,8.0,0
Bahrain,ALO,Aston Martin,6.0,6.0,0.0,23.652866242038222,0,4.394566037735842,2,0,9.0,0
Bahrain,STR,Aston Martin,12.0,12.0,0.0,23.652866242038222,0,4.675129629629652,2,0,10.0,0
Bahrain,ZHO,Kick Sauber,17.0,17.0,0.0,23.652866242038222,0,4.944754716981137,2,1,11.0,0
Bahrain,MAG,Haas F1 Team,15.0,15.0,0.0,23.652866242038222,0,4.983924528301884,2,1,12.0,0
Bahrain,RIC,RB,14.0,14.0,0.0,23.652866242038222,0,4.8815384615384545,2,1,13.0,0
Bahrain,TSU,RB,11.0,11.0,0.0,23.652866242038222,0,5.009622641509438,2,1,14.0,0
Bahrain,ALB,Williams,13.0,13.0,0.0,23.652866242038222,0,5.047981132075449,2,1,15.0,0
Bahrain,HUL,Haas F1 Team,10.0,10.0,0.0,23.652866242038222,0,4.374711538461526,3,1,16.0,0
Bahrain,OCO,Alpine,19.0,19.0,0.0,23.652866242038222,0,5.339150943396234,2,1,17.0,0
Bahrain,GAS,Alpine,20.0,20.0,0.0,23.652866242038222,0,4.796843137254896,3,1,18.0,0
Bahrain,BOT,Kick Sauber,16.0,16.0,0.0,23.652866242038222,0,5.179384615384606,2,1,19.0,0
Bahrain,SAR,Williams,18.0,18.0,0.0,23.652866242038222,0,4.904812499999991,3,1,20.0,0
Saudi Arabia,VER,Red Bull Racing,1.0,1.0,26.0,31.59315068493151,0,1.352595744680869,1,0,1.0,1
Saudi Arabia,PER,Red Bull Racing,3.0,3.0,18.0,31.59315068493151,0,1.5815319148936169,1,0,2.0,0
Saudi Arabia,LEC,Ferrari,2.0,2.0,12.0,31.59315068493151,0,1.8153829787233775,1,0,3.0,0
Saudi Arabia,PIA,McLaren,5.0,5.0,4.0,31.59315068493151,0,2.150744680851048,1,0,4.0,0
Saudi Arabia,ALO,Aston Martin,4.0,4.0,2.0,31.59315068493151,0,2.2379787234042396,1,0,5.0,0
Saudi Arabia,RUS,Mercedes,7.0,7.0,10.0,31.59315068493151,0,2.2562173913043466,1,0,6.0,0
Saudi Arabia,BEA,Ferrari,11.0,11.0,0.0,31.59315068493151,0,2.3996956521739037,1,0,7.0,0
Saudi Arabia,NOR,McLaren,6.0,6.0,8.0,31.59315068493151,0,2.0432222222222265,1,0,8.0,0
Saudi Arabia,HAM,Mercedes,8.0,8.0,6.0,31.59315068493151,0,2.1308666666666767,1,0,9.0,0
Saudi Arabia,HUL,Haas F1 Team,15.0,15.0,0.0,31.59315068493151,0,2.8428222222222246,1,0,10.0,0
Saudi Arabia,ALB,Williams,12.0,12.0,0.0,31.59315068493151,0,3.271555555555551,1,0,11.0,0
Saudi Arabia,MAG,Haas F1 Team,13.0,13.0,0.0,31.59315068493151,0,3.233888888888913,1,0,12.0,0
Saudi Arabia,OCO,Alpine,17.0,17.0,0.0,31.59315068493151,0,3.702866666666665,1,1,13.0,0
Saudi Arabia,SAR,Williams,19.0,19.0,0.0,31.59315068493151,0,3.632499999999993,1,1,14.0,0
Saudi Arabia,TSU,RB,9.0,9.0,0.0,31.59315068493151,0,3.65473333333334,1,1,15.0,0
Saudi Arabia,RIC,RB,14.0,14.0,0.0,31.59315068493151,0,3.7099534883720793,1,1,16.0,0
Saudi Arabia,BOT,Kick Sauber,16.0,16.0,0.0,31.59315068493151,0,3.5879534883720936,2,1,17.0,0
Saudi Arabia,ZHO,Kick Sauber,20.0,20.0,0.0,31.59315068493151,0,3.3878181818181616,1,1,18.0,0
Saudi Arabia,STR,Aston Martin,10.0,10.0,1.0,31.59315068493151,0,4.162750000000003,0,1,19.0,0
Saudi Arabia,GAS,Alpine,18.0,18.0,0.0,31.59315068493151,0,29.820999999999998,1,1,20.0,0
Australia,SAI,Ferrari,2.0,2.0,15.0,38.40208333333333,0,1.6453333333333262,2,0,1.0,1
Australia,LEC,Ferrari,4.0,5.0,28.0,38.40208333333333,0,1.678060000000002,2,0,2.0,0
Australia,NOR,McLaren,3.0,4.0,12.0,38.40208333333333,0,1.738979999999998,2,0,3.0,0
Australia,PIA,McLaren,5.0,6.0,16.0,38.40208333333333,0,2.0547399999999953,2,0,4.0,0
Australia,PER,Red Bull Racing,6.0,3.0,36.0,38.40208333333333,0,2.209639999999993,2,0,5.0,0
Australia,STR,Aston Martin,9.0,9.0,1.0,38.40208333333333,0,2.7969400000000064,2,0,6.0,0
Australia,TSU,RB,8.0,8.0,0.0,38.40208333333333,0,2.841940000000008,2,0,7.0,0
Australia,ALO,Aston Martin,10.0,10.0,12.0,38.40208333333333,0,2.6187843137254987,2,0,8.0,0
Australia,HUL,Haas F1 Team,16.0,16.0,1.0,38.40208333333333,0,3.0512156862745172,2,0,9.0,0
Australia,MAG,Haas F1 Team,14.0,14.0,0.0,38.40208333333333,0,3.07444000000001,2,1,10.0,0
Australia,ALB,Williams,12.0,12.0,0.0,38.40208333333333,0,3.1555800000000005,2,1,11.0,0
Australia,RIC,RB,18.0,18.0,0.0,38.40208333333333,0,3.076819999999998,2,1,12.0,0
Australia,GAS,Alpine,17.0,17.0,0.0,38.40208333333333,0,3.333420000000018,2,1,13.0,0
Australia,BOT,Kick Sauber,13.0,13.0,0.0,38.40208333333333,0,3.0249999999999915,2,1,14.0,0
Australia,ZHO,Kick Sauber,19.0,19.0,0.0,38.40208333333333,0,3.158122448979597,2,1,15.0,0
Australia,OCO,Alpine,15.0,15.0,0.0,38.40208333333333,0,3.084145833333338,3,1,16.0,0
Australia,RUS,Mercedes,7.0,7.0,18.0,38.40208333333333,0,2.5573061224489777,2,1,17.0,0
Australia,HAM,Mercedes,11.0,11.0,8.0,38.40208333333333,0,3.8700769230769083,1,1,18.0,0
Australia,VER,Red Bull Racing,1.0,1.0,51.0,38.40208333333333,0,5.077666666666673,1,1,19.0,0
Japan,VER,Red Bull Racing,1.0,1.0,51.0,37.50110497237569,0,2.390276595744666,3,0,1.0,1
Japan,PER,Red Bull Racing,2.0,2.0,46.0,37.50110497237569,0,2.669404255319151,3,0,2.0,0
Japan,SAI,Ferrari,4.0,4.0,40.0,37.50110497237569,0,2.796510638297903,3,0,3.0,0
Japan,LEC,Ferrari,8.0,8.0,47.0,37.50110497237569,0,3.212249999999983,2,0,4.0,0
Japan,NOR,McLaren,3.0,3.0,27.0,37.50110497237569,0,3.05058333333335,3,0,5.0,0
Japan,ALO,Aston Martin,5.0,5.0,16.0,37.50110497237569,0,3.3459166666666675,3,0,6.0,0
Japan,RUS,Mercedes,9.0,9.0,18.0,37.50110497237569,0,3.3535833333333187,3,0,7.0,0
Japan,PIA,McLaren,6.0,6.0,28.0,37.50110497237569,0,3.3440208333333317,3,0,8.0,0
Japan,HAM,Mercedes,7.0,7.0,8.0,37.50110497237569,0,3.2683043478260743,3,0,9.0,0
Japan,TSU,RB,10.0,10.0,6.0,37.50110497237569,0,4.3604680851063335,3,1,10.0,0
Japan,HUL,Haas F1 Team,12.0,12.0,3.0,37.50110497237569,0,4.287760869565204,3,1,11.0,0
Japan,STR,Aston Martin,16.0,16.0,9.0,37.50110497237569,0,4.234695652173926,4,1,12.0,0
Japan,MAG,Haas F1 Team,18.0,18.0,1.0,37.50110497237569,0,4.964416666666665,2,1,13.0,0
Japan,BOT,Kick Sauber,13.0,13.0,0.0,37.50110497237569,0,4.614382978723398,3,1,14.0,0
Japan,OCO,Alpine,15.0,15.0,0.0,37.50110497237569,0,5.155680851063835,3,1,15.0,0
Japan,GAS,Alpine,17.0,17.0,0.0,37.50110497237569,0,5.32182608695652,3,1,16.0,0
Japan,SAR,Williams,19.0,19.0,0.0,37.50110497237569,0,4.288931818181837,4,1,17.0,0
Japan,ZHO,Kick Sauber,20.0,20.0,0.0,37.50110497237569,0,6.074999999999974,4,1,18.0,0
Japan,RIC,RB,11.0,11.0,0.0,37.50110497237569,0,5.0,0,1,19.0,0
Japan,ALB,Williams,14.0,14.0,0.0,37.50110497237569,0,5.0,0,1,20.0,0
China,VER,Red Bull Racing,1.0,1.0,77.0,29.792727272727273,0,2.0084999999999837,2,0,1.0,1
China,NOR,McLaren,4.0,4.0,37.0,29.792727272727273,0,2.9838695652173755,1,0,2.0,0
China,PER,Red Bull Racing,2.0,2.0,64.0,29.792727272727273,0,2.7106046511627824,2,0,3.0,0
China,LEC,Ferrari,6.0,6.0,59.0,29.792727272727273,0,3.1691590909091047,1,0,4.0,0
China,SAI,Ferrari,7.0,7.0,55.0,29.792727272727273,0,3.3930000000000007,1,0,5.0,0
China,RUS,Mercedes,8.0,8.0,24.0,29.792727272727273,0,3.485511627906959,2,0,6.0,0
China,ALO,Aston Martin,3.0,3.0,24.0,29.792727272727273,0,3.019804878048774,3,0,7.0,0
China,PIA,McLaren,5.0,5.0,32.0,29.792727272727273,0,3.9104883720930133,2,0,8.0,0
China,HAM,Mercedes,18.0,18.0,10.0,29.792727272727273,0,4.078238095238106,2,0,9.0,0
China,HUL,Haas F1 Team,9.0,9.0,3.0,29.792727272727273,0,4.164883720930234,2,0,10.0,0
China,OCO,Alpine,13.0,13.0,0.0,29.792727272727273,0,4.130357142857122,2,0,11.0,0
China,ALB,Williams,14.0,14.0,0.0,29.792727272727273,0,4.3437142857142845,2,0,12.0,0
China,GAS,Alpine,15.0,15.0,0.0,29.792727272727273,0,3.716425000000001,3,0,13.0,0
China,ZHO,Kick Sauber,16.0,16.0,0.0,29.792727272727273,0,3.9665999999999997,3,0,14.0,0
China,STR,Aston Martin,11.0,11.0,9.0,29.792727272727273,0,3.7733953488372123,4,0,15.0,0
China,MAG,Haas F1 Team,17.0,17.0,1.0,29.792727272727273,0,4.768738095238064,2,0,16.0,0
China,SAR,Williams,20.0,20.0,0.0,29.792727272727273,0,4.8309761904761785,2,0,17.0,0
China,RIC,RB,12.0,12.0,0.0,29.792727272727273,0,5.348736842105254,2,1,18.0,0
China,TSU,RB,19.0,19.0,7.0,29.792727272727273,0,5.412777777777777,2,1,19.0,0
China,BOT,Kick Sauber,10.0,10.0,0.0,29.792727272727273,0,5.384666666666661,1,1,20.0,0
Miami,NOR,McLaren,5.0,5.0,55.0,44.664,0,1.4941176470588147,1,0,1.0,1
Miami,VER,Red Bull Racing,1.0,1.0,102.0,44.664,0,1.6067599999999942,1,0,2.0,0
Miami,LEC,Ferrari,2.0,2.0,71.0,44.664,0,1.6812448979591608,1,0,3.0,0
Miami,PER,Red Bull Racing,4.0,4.0,79.0,44.664,0,1.7959583333333313,2,0,4.0,0
Miami,SAI,Ferrari,3.0,3.0,65.0,44.664,0,1.8831568627450963,1,0,5.0,0
Miami,HAM,Mercedes,8.0,8.0,12.0,44.664,0,2.110395833333328,1,0,6.0,0
Miami,TSU,RB,10.0,10.0,7.0,44.664,0,2.4385400000000033,1,0,7.0,0
Miami,RUS,Mercedes,7.0,7.0,32.0,44.664,0,2.5806734693877615,1,0,8.0,0
Miami,ALO,Aston Martin,15.0,15.0,31.0,44.664,0,2.7371836734693886,1,0,9.0,0
Miami,OCO,Alpine,13.0,13.0,0.0,44.664,0,2.7054081632652895,1,0,10.0,0
Miami,HUL,Haas F1 Team,9.0,9.0,4.0,44.664,0,2.6056595744680635,2,0,11.0,0
Miami,GAS,Alpine,12.0,12.0,0.0,44.664,0,2.694106382978731,1,0,12.0,0
Miami,PIA,McLaren,6.0,6.0,36.0,44.664,0,1.9287708333333313,2,0,13.0,0
Miami,ZHO,Kick Sauber,19.0,20.0,0.0,44.664,0,2.9717755102040826,1,0,14.0,0
Miami,RIC,RB,20.0,18.0,0.0,44.664,0,3.0428367346938785,1,0,15.0,0
Miami,BOT,Kick Sauber,16.0,16.0,0.0,44.664,0,2.9003541666666592,2,0,16.0,0
Miami,STR,Aston Martin,11.0,11.0,9.0,44.664,0,2.6208936170212667,2,0,17.0,0
Miami,ALB,Williams,14.0,14.0,0.0,44.664,0,2.8046888888888617,2,0,18.0,0
Miami,MAG,Haas F1 Team,18.0,19.0,1.0,44.664,0,2.759265306122458,3,0,19.0,0
Miami,SAR,Williams,17.0,17.0,0.0,44.664,0,3.8151666666666557,1,1,20.0,0
Monaco,LEC,Ferrari,1.0,1.0,86.0,46.318000000000005,0,3.8842205882352943,1,0,1.0,1
Monaco,PIA,McLaren,2.0,2.0,36.0,46.318000000000005,0,4.171287671232889,1,0,2.0,0
Monaco,SAI,Ferrari,3.0,3.0,75.0,46.318000000000005,0,3.781661290322589,1,0,3.0,0
Monaco,NOR,McLaren,4.0,4.0,80.0,46.318000000000005,0,4.11944444444444,1,0,4.0,0
Monaco,RUS,Mercedes,5.0,5.0,36.0,46.318000000000005,0,3.8305384615384384,1,0,5.0,0
Monaco,VER,Red Bull Racing,6.0,6.0,120.0,46.318000000000005,0,3.228624999999994,2,0,6.0,0
Monaco,HAM,Mercedes,7.0,7.0,20.0,46.318000000000005,0,2.8538599999999974,2,0,7.0,0
Monaco,TSU,RB,8.0,8.0,13.0,46.318000000000005,0,4.038172413793092,1,1,8.0,0
Monaco,ALB,Williams,9.0,9.0,0.0,46.318000000000005,0,5.659594202898546,1,1,9.0,0
Monaco,GAS,Alpine,10.0,10.0,0.0,46.318000000000005,0,5.236176470588234,1,1,10.0,0
Monaco,ALO,Aston Martin,14.0,14.0,33.0,46.318000000000005,0,6.145114285714271,1,1,11.0,0
Monaco,RIC,RB,12.0,12.0,0.0,46.318000000000005,0,6.01086567164181,1,1,12.0,0
Monaco,BOT,Kick Sauber,17.0,17.0,0.0,46.318000000000005,0,5.601693548387104,2,1,13.0,0
Monaco,STR,Aston Martin,13.0,13.0,9.0,46.318000000000005,0,5.357437499999989,3,1,14.0,0
Monaco,SAR,Williams,15.0,15.0,0.0,46.318000000000005,0,4.559571428571417,2,1,15.0,0
Monaco,ZHO,Kick Sauber,18.0,18.0,0.0,46.318000000000005,0,4.072384615384607,2,1,16.0,0
Monaco,OCO,Alpine,11.0,11.0,1.0,46.318000000000005,0,5.0,0,1,17.0,0
Monaco,PER,Red Bull Racing,16.0,16.0,91.0,46.318000000000005,0,5.0,0,1,18.0,0
Monaco,HUL,Haas F1 Team,19.0,14.0,4.0,46.318000000000005,0,5.0,0,1,19.0,0
Monaco,MAG,Haas F1 Team,20.0,15.0,1.0,46.318000000000005,0,5.0,0,1,20.0,0
Canada,VER,Red Bull Racing,2.0,2.0,128.0,24.569911504424784,1,2.201888888888888,2,0,1.0,1
Canada,NOR,McLaren,3.0,3.0,92.0,24.569911504424784,1,2.284588235294123,2,0,2.0,0
Canada,RUS,Mercedes,1.0,1.0,46.0,24.569911504424784,1,2.1536875000000038,3,0,3.0,0
Canada,HAM,Mercedes,7.0,7.0,27.0,24.569911504424784,1,1.9449999999999932,3,0,4.0,0
Canada,PIA,McLaren,4.0,4.0,54.0,24.569911504424784,1,2.91166666666669,2,0,5.0,0
Canada,ALO,Aston Martin,6.0,6.0,33.0,24.569911504424784,1,3.018666666666661,2,0,6.0,0
Canada,STR,Aston Martin,9.0,9.0,9.0,24.569911504424784,1,3.647874999999999,2,0,7.0,0
Canada,RIC,RB,5.0,5.0,0.0,24.569911504424784,1,3.699187500000008,2,0,8.0,0
Canada,GAS,Alpine,15.0,15.0,1.0,24.569911504424784,1,4.079666666666668,2,0,9.0,0
Canada,OCO,Alpine,18.0,18.0,1.0,24.569911504424784,1,4.1857058823529485,1,0,10.0,0
Canada,HUL,Haas F1 Team,17.0,19.0,4.0,24.569911504424784,1,4.218388888888882,3,0,11.0,0
Canada,MAG,Haas F1 Team,14.0,14.0,1.0,24.569911504424784,1,3.497214285714307,4,0,12.0,0
Canada,BOT,Kick Sauber,19.0,17.0,0.0,24.569911504424784,1,4.819999999999993,1,0,13.0,0
Canada,TSU,RB,8.0,8.0,17.0,24.569911504424784,1,4.527375000000006,1,0,14.0,0
Canada,ZHO,Kick Sauber,20.0,20.0,0.0,24.569911504424784,1,4.520153846153875,3,1,15.0,0
Canada,SAI,Ferrari,12.0,12.0,90.0,24.569911504424784,1,6.096000000000004,3,1,16.0,0
Canada,ALB,Williams,10.0,10.0,2.0,24.569911504424784,1,6.699285714285708,2,1,17.0,0
Canada,PER,Red Bull Racing,16.0,16.0,91.0,24.569911504424784,1,6.070999999999998,3,1,18.0,0
Canada,LEC,Ferrari,11.0,11.0,111.0,24.569911504424784,1,13.311099999999996,4,1,19.0,0
Canada,SAR,Williams,13.0,13.0,0.0,24.569911504424784,1,14.238357142857154,0,1,20.0,0
Spain,VER,Red Bull Racing,2.0,2.0,153.0,41.096103896103905,1,2.5174838709677516,2,0,1.0,1
Spain,NOR,McLaren,1.0,1.0,110.0,41.096103896103905,1,2.483737704918042,2,0,2.0,0
Spain,HAM,Mercedes,3.0,3.0,40.0,41.096103896103905,1,2.7200000000000273,2,0,3.0,0
Spain,RUS,Mercedes,4.0,4.0,61.0,41.096103896103905,1,2.7756451612903277,2,0,4.0,0
Spain,LEC,Ferrari,5.0,5.0,111.0,41.096103896103905,1,2.761016393442631,2,0,5.0,0
Spain,SAI,Ferrari,6.0,6.0,90.0,41.096103896103905,1,2.934790322580639,2,0,6.0,0
Spain,PIA,McLaren,9.0,10.0,64.0,41.096103896103905,1,2.8661639344262255,2,0,7.0,0
Spain,PER,Red Bull Racing,11.0,8.0,91.0,41.096103896103905,1,3.009683333333328,3,0,8.0,0
Spain,GAS,Alpine,7.0,7.0,3.0,41.096103896103905,1,3.284327868852472,2,0,9.0,0
Spain,OCO,Alpine,8.0,9.0,2.0,41.096103896103905,1,3.4816065573770487,2,0,10.0,0
Spain,HUL,Haas F1 Team,13.0,13.0,4.0,41.096103896103905,1,3.4522786885245864,2,0,11.0,0
Spain,ALO,Aston Martin,10.0,11.0,41.0,41.096103896103905,1,3.7877833333333655,2,1,12.0,0
Spain,ZHO,Kick Sauber,15.0,15.0,0.0,41.096103896103905,1,3.7667333333333346,2,1,13.0,0
Spain,STR,Aston Martin,14.0,14.0,15.0,41.096103896103905,1,3.9466000000000037,2,1,14.0,0
Spain,RIC,RB,18.0,18.0,4.0,41.096103896103905,1,4.276606557377065,2,1,15.0,0
Spain,BOT,Kick Sauber,12.0,12.0,0.0,41.096103896103905,1,4.448116666666678,2,1,16.0,0
Spain,MAG,Haas F1 Team,16.0,16.0,1.0,41.096103896103905,1,4.364999999999981,2,1,17.0,0
Spain,ALB,Williams,20.0,19.0,2.0,41.096103896103905,1,4.316322033898302,2,1,18.0,0
Spain,TSU,RB,17.0,17.0,17.0,41.096103896103905,1,4.197862068965534,3,1,19.0,0
Spain,SAR,Williams,19.0,20.0,0.0,41.096103896103905,1,4.938694915254246,2,1,20.0,0
Austria,RUS,Mercedes,3.0,3.0,73.0,46.420979020979026,1,2.733507692307697,2,0,1.0,1
Austria,PIA,McLaren,7.0,7.0,70.0,46.420979020979026,1,2.768215384615374,2,0,2.0,0
Austria,SAI,Ferrari,4.0,4.0,98.0,46.420979020979026,1,2.7933846153846105,2,0,3.0,0
Austria,HAM,Mercedes,5.0,5.0,55.0,46.420979020979026,1,3.0036249999999995,2,0,4.0,0
Austria,VER,Red Bull Racing,1.0,1.0,178.0,46.420979020979026,1,2.417156249999991,3,0,5.0,0
Austria,HUL,Haas F1 Team,9.0,9.0,4.0,46.420979020979026,1,3.5479393939393873,2,0,6.0,0
Austria,PER,Red Bull Racing,8.0,8.0,95.0,46.420979020979026,1,3.3627812499999976,2,0,7.0,0
Austria,MAG,Haas F1 Team,12.0,12.0,1.0,46.420979020979026,1,3.5805538461538475,2,0,8.0,0
Austria,RIC,RB,11.0,11.0,4.0,46.420979020979026,1,3.685880597014915,2,0,9.0,0
Austria,GAS,Alpine,13.0,13.0,5.0,46.420979020979026,1,3.57661538461538,2,0,10.0,0
Austria,LEC,Ferrari,6.0,6.0,121.0,46.420979020979026,1,2.9262698412698285,4,0,11.0,0
Austria,OCO,Alpine,10.0,10.0,3.0,46.420979020979026,1,3.6706461538461355,2,0,12.0,0
Austria,STR,Aston Martin,17.0,17.0,15.0,46.420979020979026,1,3.8814769230769173,2,1,13.0,0
Austria,TSU,RB,14.0,14.0,17.0,46.420979020979026,1,3.880046153846152,2,1,14.0,0
Austria,ALB,Williams,16.0,16.0,2.0,46.420979020979026,1,3.861892307692301,2,1,15.0,0
Austria,BOT,Kick Sauber,18.0,18.0,0.0,46.420979020979026,1,3.9922307692307726,2,1,16.0,0
Austria,ZHO,Kick Sauber,20.0,20.0,0.0,46.420979020979026,1,4.193467741935464,2,1,17.0,0
Austria,ALO,Aston Martin,15.0,15.0,41.0,46.420979020979026,1,3.707017543859635,3,1,18.0,0
Austria,SAR,Williams,19.0,19.0,0.0,46.420979020979026,1,4.343629032258036,3,1,19.0,0
Austria,NOR,McLaren,2.0,2.0,129.0,46.420979020979026,1,2.543827586206902,3,1,20.0,0
Britain,HAM,Mercedes,2.0,2.0,67.0,27.670068027210885,1,2.9025714285714344,2,0,1.0,1
Britain,VER,Red Bull Racing,4.0,4.0,188.0,27.670068027210885,1,2.688656250000008,2,0,2.0,0
Britain,NOR,McLaren,3.0,3.0,129.0,27.670068027210885,1,3.061117647058836,2,0,3.0,0
Britain,PIA,McLaren,5.0,5.0,88.0,27.670068027210885,1,2.8092285714285765,2,0,4.0,0
Britain,SAI,Ferrari,7.0,7.0,113.0,27.670068027210885,1,3.206249999999983,3,0,5.0,0
Britain,HUL,Haas F1 Team,6.0,6.0,12.0,27.670068027210885,1,3.84076470588235,2,0,6.0,0
Britain,STR,Aston Martin,8.0,8.0,15.0,27.670068027210885,1,3.78838235294117,2,0,7.0,0
Britain,ALO,Aston Martin,10.0,10.0,41.0,27.670068027210885,1,3.8113714285714195,2,0,8.0,0
Britain,ALB,Williams,9.0,9.0,2.0,27.670068027210885,1,3.8809428571428555,2,0,9.0,0
Britain,TSU,RB,13.0,13.0,17.0,27.670068027210885,1,4.238914285714301,2,0,10.0,0
Britain,SAR,Williams,12.0,12.0,0.0,27.670068027210885,1,4.348222222222219,2,0,11.0,0
Britain,MAG,Haas F1 Team,17.0,17.0,5.0,27.670068027210885,1,4.336162162162154,2,0,12.0,0
Britain,RIC,RB,15.0,15.0,6.0,27.670068027210885,1,4.77947058823527,2,1,13.0,0
Britain,LEC,Ferrari,11.0,11.0,121.0,27.670068027210885,1,3.5423999999999864,3,1,14.0,0
Britain,BOT,Kick Sauber,16.0,16.0,0.0,27.670068027210885,1,5.298352941176489,2,1,15.0,0
Britain,OCO,Alpine,18.0,18.0,3.0,27.670068027210885,1,5.038555555555561,4,1,16.0,0
Britain,PER,Red Bull Racing,20.0,19.0,101.0,27.670068027210885,1,3.965148148148131,4,1,17.0,0
Britain,ZHO,Kick Sauber,14.0,14.0,0.0,27.670068027210885,1,4.74942307692308,4,1,18.0,0
Britain,RUS,Mercedes,1.0,1.0,98.0,27.670068027210885,1,3.9993913043478386,2,1,19.0,0
Britain,GAS,Alpine,19.0,20.0,6.0,27.670068027210885,1,5.0,0,1,20.0,0
Hungary,PIA,McLaren,2.0,2.0,100.0,44.91612903225806,0,3.1968529411764592,2,0,1.0,1
Hungary,NOR,McLaren,1.0,1.0,144.0,44.91612903225806,0,3.187283582089549,2,0,2.0,0
Hungary,HAM,Mercedes,5.0,5.0,92.0,44.91612903225806,0,3.356104477611936,2,0,3.0,0
Hungary,LEC,Ferrari,6.0,6.0,121.0,44.91612903225806,0,3.390716417910454,2,0,4.0,0
Hungary,VER,Red Bull Racing,3.0,3.0,206.0,44.91612903225806,0,3.360369230769223,2,0,5.0,0
Hungary,SAI,Ferrari,4.0,4.0,124.0,44.91612903225806,0,3.3200461538461497,2,0,6.0,0
Hungary,PER,Red Bull Racing,16.0,16.0,101.0,44.91612903225806,0,3.4895538461538536,2,0,7.0,0
Hungary,RUS,Mercedes,17.0,17.0,98.0,44.91612903225806,0,3.361677966101695,2,0,8.0,0
Hungary,TSU,RB,10.0,10.0,18.0,44.91612903225806,0,4.438323529411761,1,0,9.0,0
Hungary,STR,Aston Martin,8.0,8.0,21.0,44.91612903225806,0,4.175940298507456,2,0,10.0,0
Hungary,ALO,Aston Martin,7.0,7.0,45.0,44.91612903225806,0,4.298761194029851,2,0,11.0,0
Hungary,RIC,RB,9.0,9.0,6.0,44.91612903225806,0,4.582469696969682,2,1,12.0,0
Hungary,HUL,Haas F1 Team,11.0,11.0,20.0,44.91612903225806,0,4.774090909090901,2,1,13.0,0
Hungary,ALB,Williams,13.0,13.0,4.0,44.91612903225806,0,4.8402121212121045,2,1,14.0,0
Hungary,MAG,Haas F1 Team,15.0,15.0,5.0,44.91612903225806,0,4.882630769230758,2,1,15.0,0
Hungary,BOT,Kick Sauber,12.0,12.0,0.0,44.91612903225806,0,4.896215384615374,2,1,16.0,0
Hungary,SAR,Williams,14.0,14.0,0.0,44.91612903225806,0,4.460089285714261,3,1,17.0,0
Hungary,OCO,Alpine,19.0,19.0,3.0,44.91612903225806,0,4.659180327868825,3,1,18.0,0
Hungary,ZHO,Kick Sauber,18.0,18.0,0.0,44.91612903225806,0,5.168999999999997,2,1,19.0,0
Hungary,GAS,Alpine,20.0,20.0,6.0,44.91612903225806,0,5.468741935483877,2,1,20.0,0
Belgium,HAM,Mercedes,3.0,4.0,107.0,42.26715328467153,0,3.52207317073173,2,0,1.0,1
Belgium,PIA,McLaren,5.0,6.0,125.0,42.26715328467153,0,3.42817500000001,2,0,2.0,0
Belgium,LEC,Ferrari,1.0,2.0,133.0,42.26715328467153,0,3.8930476190476213,2,0,3.0,0
Belgium,VER,Red Bull Racing,11.0,1.0,216.0,42.26715328467153,0,3.5777499999999947,2,0,4.0,0
Belgium,NOR,McLaren,4.0,5.0,162.0,42.26715328467153,0,3.679299999999998,2,0,5.0,0
Belgium,SAI,Ferrari,7.0,8.0,132.0,42.26715328467153,0,4.014146341463416,2,0,6.0,0
Belgium,PER,Red Bull Racing,2.0,3.0,107.0,42.26715328467153,0,3.821864864864878,3,0,7.0,0
Belgium,ALO,Aston Martin,8.0,9.0,45.0,42.26715328467153,0,4.975976190476217,1,0,8.0,0
Belgium,OCO,Alpine,9.0,10.0,3.0,42.26715328467153,0,4.552275000000009,2,0,9.0,0
Belgium,RIC,RB,13.0,13.0,6.0,42.26715328467153,0,4.53977500000002,2,0,10.0,0
Belgium,STR,Aston Martin,15.0,15.0,22.0,42.26715328467153,0,5.2009285714285625,1,0,11.0,0
Belgium,ALB,Williams,10.0,11.0,4.0,42.26715328467153,0,4.982414634146338,2,0,12.0,0
Belgium,GAS,Alpine,12.0,12.0,6.0,42.26715328467153,0,4.7858750000000185,2,0,13.0,0
Belgium,MAG,Haas F1 Team,17.0,17.0,5.0,42.26715328467153,0,5.264261904761909,1,0,14.0,0
Belgium,BOT,Kick Sauber,14.0,14.0,0.0,42.26715328467153,0,5.012200000000007,2,0,15.0,0
Belgium,TSU,RB,20.0,18.0,20.0,42.26715328467153,0,5.32065853658537,1,0,16.0,0
Belgium,SAR,Williams,18.0,19.0,0.0,42.26715328467153,0,5.089538461538467,2,0,17.0,0
Belgium,HUL,Haas F1 Team,16.0,16.0,20.0,42.26715328467153,0,5.471317073170724,2,0,18.0,0
Belgium,ZHO,Kick Sauber,19.0,20.0,0.0,42.26715328467153,0,7.536500000000018,1,1,19.0,0
Belgium,RUS,Mercedes,6.0,7.0,103.0,42.26715328467153,0,3.7177560975610078,1,1,20.0,0
Netherlands,NOR,McLaren,1.0,1.0,172.0,30.80588235294118,0,1.4040144927536318,1,0,1.0,1
Netherlands,VER,Red Bull Racing,2.0,2.0,228.0,30.80588235294118,0,1.870901408450706,1,0,2.0,0
Netherlands,LEC,Ferrari,6.0,6.0,148.0,30.80588235294118,0,1.7547391304347997,1,0,3.0,0
Netherlands,PIA,McLaren,3.0,3.0,143.0,30.80588235294118,0,1.779420289855068,1,0,4.0,0
Netherlands,SAI,Ferrari,10.0,10.0,140.0,30.80588235294118,0,1.8002608695652356,1,0,5.0,0
Netherlands,PER,Red Bull Racing,5.0,5.0,114.0,30.80588235294118,0,1.8990869565217423,1,0,6.0,0
Netherlands,RUS,Mercedes,4.0,4.0,103.0,30.80588235294118,0,1.7740294117647153,2,0,7.0,0
Netherlands,HAM,Mercedes,14.0,11.0,132.0,30.80588235294118,0,1.7606470588235368,2,0,8.0,0
Netherlands,GAS,Alpine,9.0,9.0,6.0,30.80588235294118,0,2.528602941176487,1,1,9.0,0
Netherlands,ALO,Aston Martin,7.0,7.0,49.0,30.80588235294118,0,2.6027500000000146,1,1,10.0,0
Netherlands,HUL,Haas F1 Team,12.0,13.0,20.0,30.80588235294118,0,2.67942647058824,1,1,11.0,0
Netherlands,RIC,RB,13.0,15.0,7.0,30.80588235294118,0,2.6696323529411927,1,1,12.0,0
Netherlands,STR,Aston Martin,8.0,8.0,22.0,30.80588235294118,0,2.724573529411771,1,1,13.0,0
Netherlands,ALB,Williams,19.0,10.0,4.0,30.80588235294118,0,2.6472272727272923,2,1,14.0,0
Netherlands,OCO,Alpine,15.0,16.0,5.0,30.80588235294118,0,3.057573529411769,1,1,15.0,0
Netherlands,SAR,Williams,18.0,20.0,0.0,30.80588235294118,0,3.2623529411764878,1,1,16.0,0
Netherlands,TSU,RB,11.0,12.0,20.0,30.80588235294118,0,3.0594477611940647,2,1,17.0,0
Netherlands,MAG,Haas F1 Team,20.0,14.0,5.0,30.80588235294118,0,3.111151515151519,1,1,18.0,0
Netherlands,BOT,Kick Sauber,16.0,17.0,0.0,30.80588235294118,0,3.256560606060603,2,1,19.0,0
Netherlands,ZHO,Kick Sauber,17.0,18.0,0.0,30.80588235294118,0,3.5978000000000208,2,1,20.0,0
Italy,LEC,Ferrari,4.0,4.0,163.0,49.31127819548872,0,2.600294117647053,1,0,1.0,1
Italy,PIA,McLaren,2.0,2.0,155.0,49.31127819548872,0,2.1932857142857216,2,0,2.0,0
Italy,NOR,McLaren,1.0,1.0,198.0,49.31127819548872,0,2.175604166666659,2,0,3.0,0
Italy,SAI,Ferrari,5.0,5.0,150.0,49.31127819548872,0,2.804079999999999,1,0,4.0,0
Italy,HAM,Mercedes,6.0,6.0,136.0,49.31127819548872,0,2.465270833333335,2,0,5.0,0
Italy,VER,Red Bull Racing,7.0,7.0,246.0,49.31127819548872,0,2.6923749999999984,2,0,6.0,0
Italy,RUS,Mercedes,3.0,3.0,109.0,49.31127819548872,0,2.5516666666666765,2,0,7.0,0
Italy,PER,Red Bull Racing,8.0,8.0,122.0,49.31127819548872,0,3.143857142857158,2,0,8.0,0
Italy,ALB,Williams,9.0,9.0,4.0,49.31127819548872,0,3.7429799999999886,1,0,9.0,0
Italy,MAG,Haas F1 Team,13.0,13.0,5.0,49.31127819548872,0,3.530639999999991,1,0,10.0,0
Italy,ALO,Aston Martin,11.0,11.0,50.0,49.31127819548872,0,3.3081249999999898,2,0,11.0,0
Italy,COL,Williams,18.0,18.0,0.0,49.31127819548872,0,3.940160000000006,1,0,12.0,0
Italy,RIC,RB,12.0,12.0,7.0,49.31127819548872,0,3.8064999999999856,1,0,13.0,0
Italy,OCO,Alpine,15.0,15.0,5.0,49.31127819548872,0,4.33304081632653,1,1,14.0,0
Italy,GAS,Alpine,14.0,14.0,8.0,49.31127819548872,0,3.891936170212773,2,1,15.0,0
Italy,BOT,Kick Sauber,19.0,19.0,0.0,49.31127819548872,0,4.592020408163279,1,1,16.0,0
Italy,HUL,Haas F1 Team,10.0,10.0,20.0,49.31127819548872,0,3.6257446808510565,2,1,17.0,0
Italy,ZHO,Kick Sauber,20.0,20.0,0.0,49.31127819548872,0,4.749102040816325,1,1,18.0,0
Italy,STR,Aston Martin,17.0,17.0,22.0,49.31127819548872,0,3.768499999999989,3,1,19.0,0
Italy,TSU,RB,16.0,16.0,20.0,49.31127819548872,0,5.786500000000004,1,1,20.0,0
Azerbaijan,PIA,McLaren,2.0,2.0,173.0,44.34934210526316,0,2.9372448979591894,1,0,1.0,1
Azerbaijan,LEC,Ferrari,1.0,1.0,188.0,44.34934210526316,0,3.067877551020416,1,0,2.0,0
Azerbaijan,RUS,Mercedes,5.0,5.0,115.0,44.34934210526316,0,2.957173913043462,1,0,3.0,0
Azerbaijan,NOR,McLaren,15.0,16.0,214.0,44.34934210526316,0,3.0742553191489748,1,0,4.0,0
Azerbaijan,VER,Red Bull Racing,6.0,6.0,254.0,44.34934210526316,0,3.171195652173921,2,0,5.0,0
Azerbaijan,ALO,Aston Martin,7.0,8.0,50.0,44.34934210526316,0,3.6617659574468036,1,0,6.0,0
Azerbaijan,ALB,Williams,9.0,10.0,6.0,44.34934210526316,0,3.653340425531937,1,0,7.0,0
Azerbaijan,COL,Williams,8.0,9.0,0.0,44.34934210526316,0,3.879000000000005,1,0,8.0,0
Azerbaijan,HAM,Mercedes,19.0,7.0,146.0,44.34934210526316,0,3.599434782608725,1,0,9.0,0
Azerbaijan,BEA,Haas F1 Team,10.0,11.0,6.0,44.34934210526316,0,3.872829787234039,1,0,10.0,0
Azerbaijan,HUL,Haas F1 Team,12.0,13.0,20.0,44.34934210526316,0,3.7671276595745127,1,0,11.0,0
Azerbaijan,GAS,Alpine,18.0,15.0,8.0,44.34934210526316,0,4.334562500000018,1,0,12.0,0
Azerbaijan,RIC,RB,14.0,15.0,7.0,44.34934210526316,0,4.72964583333335,1,0,13.0,0
Azerbaijan,ZHO,Kick Sauber,17.0,18.0,0.0,44.34934210526316,0,4.762276595744709,1,0,14.0,0
Azerbaijan,OCO,Alpine,20.0,19.0,5.0,44.34934210526316,0,5.292312500000023,1,1,15.0,0
Azerbaijan,BOT,Kick Sauber,16.0,17.0,0.0,44.34934210526316,0,4.839399999999998,1,1,16.0,0
Azerbaijan,PER,Red Bull Racing,4.0,4.0,126.0,44.34934210526316,0,3.0019583333333486,1,1,17.0,0
Azerbaijan,SAI,Ferrari,3.0,3.0,162.0,44.34934210526316,0,2.864361702127681,1,1,18.0,0
Azerbaijan,STR,Aston Martin,13.0,14.0,22.0,44.34934210526316,0,4.355170731707318,3,1,19.0,0
Azerbaijan,TSU,RB,11.0,12.0,20.0,44.34934210526316,0,6.730899999999991,2,1,20.0,0
Singapore,NOR,McLaren,1.0,1.0,227.0,36.445625,0,2.551491525423714,1,0,1.0,1
Singapore,VER,Red Bull Racing,2.0,2.0,264.0,36.445625,0,2.958233333333311,1,0,2.0,0
Singapore,PIA,McLaren,5.0,5.0,198.0,36.445625,0,3.228915254237293,1,0,3.0,0
Singapore,RUS,Mercedes,4.0,4.0,130.0,36.445625,0,3.6747833333333233,1,0,4.0,0
Singapore,LEC,Ferrari,9.0,9.0,206.0,36.445625,0,3.5421186440677843,1,0,5.0,0
Singapore,HAM,Mercedes,3.0,3.0,148.0,36.445625,0,4.051483333333323,1,0,6.0,0
Singapore,SAI,Ferrari,10.0,10.0,162.0,36.445625,0,4.0745084745762625,1,0,7.0,0
Singapore,ALO,Aston Martin,7.0,7.0,58.0,36.445625,0,4.12891379310345,1,1,8.0,0
Singapore,HUL,Haas F1 Team,6.0,6.0,20.0,36.445625,0,4.13118965517242,1,1,9.0,0
Singapore,PER,Red Bull Racing,13.0,13.0,126.0,36.445625,0,4.210396551724145,1,1,10.0,0
Singapore,COL,Williams,12.0,12.0,4.0,36.445625,0,4.155913793103451,1,1,11.0,0
Singapore,TSU,RB,8.0,8.0,20.0,36.445625,0,4.193275862068958,1,1,12.0,0
Singapore,OCO,Alpine,15.0,15.0,5.0,36.445625,0,4.755017241379306,1,1,13.0,0
Singapore,STR,Aston Martin,17.0,17.0,22.0,36.445625,0,4.795086206896542,1,1,14.0,0
Singapore,ZHO,Kick Sauber,20.0,20.0,0.0,36.445625,0,4.9541724137930885,1,1,15.0,0
Singapore,BOT,Kick Sauber,19.0,19.0,0.0,36.445625,0,4.9765000000000015,1,1,16.0,0
Singapore,GAS,Alpine,18.0,18.0,8.0,36.445625,0,4.923327586206895,1,1,17.0,0
Singapore,RIC,RB,16.0,16.0,7.0,36.445625,0,4.343740000000011,3,1,18.0,0
Singapore,MAG,Haas F1 Team,14.0,14.0,6.0,36.445625,0,4.632999999999996,3,1,19.0,0
Singapore,ALB,Williams,11.0,11.0,12.0,36.445625,0,4.783272727272717,2,1,20.0,0
Austin,LEC,Ferrari,4.0,4.0,216.0,46.60193548387097,0,1.6556730769230796,1,0,1.0,1
Austin,SAI,Ferrari,3.0,3.0,168.0,46.60193548387097,0,1.8694615384615219,1,0,2.0,0
Austin,VER,Red Bull Racing,2.0,2.0,282.0,46.60193548387097,0,2.0443076923076973,1,0,3.0,0
Austin,NOR,McLaren,1.0,1.0,252.0,46.60193548387097,0,1.9880576923076916,1,0,4.0,0
Austin,PIA,McLaren,5.0,5.0,213.0,46.60193548387097,0,2.1474999999999937,1,0,5.0,0
Austin,RUS,Mercedes,20.0,6.0,142.0,46.60193548387097,0,2.582000000000008,1,0,6.0,0
Austin,PER,Red Bull Racing,9.0,10.0,127.0,46.60193548387097,0,2.7604313725490073,1,0,7.0,0
Austin,HUL,Haas F1 Team,11.0,12.0,22.0,46.60193548387097,0,2.784921568627439,1,0,8.0,0
Austin,LAW,RB,19.0,15.0,0.0,46.60193548387097,0,2.96964705882354,1,0,9.0,0
Austin,COL,Williams,15.0,17.0,4.0,46.60193548387097,0,2.9924901960784496,1,0,10.0,0
Austin,MAG,Haas F1 Team,8.0,9.0,6.0,46.60193548387097,0,2.912254901960779,2,0,11.0,0
Austin,GAS,Alpine,6.0,7.0,8.0,46.60193548387097,0,3.2556923076923283,1,0,12.0,0
Austin,ALO,Aston Martin,7.0,8.0,62.0,46.60193548387097,0,3.596199999999996,1,1,13.0,0
Austin,TSU,RB,10.0,11.0,20.0,46.60193548387097,0,3.448100000000011,1,1,14.0,0
Austin,STR,Aston Martin,13.0,14.0,22.0,46.60193548387097,0,3.716081632653058,1,1,15.0,0
Austin,ALB,Williams,14.0,16.0,12.0,46.60193548387097,0,3.8727799999999917,2,1,16.0,0
Austin,BOT,Kick Sauber,16.0,18.0,0.0,46.60193548387097,0,4.191320000000005,1,1,17.0,0
Austin,OCO,Alpine,12.0,13.0,5.0,46.60193548387097,0,3.678562499999998,2,1,18.0,0
Austin,ZHO,Kick Sauber,18.0,20.0,0.0,46.60193548387097,0,3.787395833333335,2,1,19.0,0
Austin,HAM,Mercedes,17.0,19.0,156.0,46.60193548387097,0,10.733999999999995,0,1,20.0,0
Mexico,SAI,Ferrari,1.0,1.0,186.0,35.60251572327045,0,2.808578124999997,1,0,1.0,1
Mexico,NOR,McLaren,3.0,3.0,264.0,35.60251572327045,0,2.7925079365079455,1,0,2.0,0
Mexico,LEC,Ferrari,4.0,4.0,241.0,35.60251572327045,0,2.9027540983606457,2,0,3.0,0
Mexico,HAM,Mercedes,6.0,6.0,156.0,35.60251572327045,0,3.364698412698445,1,0,4.0,0
Mexico,RUS,Mercedes,5.0,5.0,150.0,35.60251572327045,0,3.4884218750000144,1,0,5.0,0
Mexico,VER,Red Bull Racing,2.0,2.0,297.0,35.60251572327045,0,3.4046874999999943,1,0,6.0,0
Mexico,MAG,Haas F1 Team,7.0,7.0,6.0,35.60251572327045,0,3.6393968253968296,1,0,7.0,0
Mexico,PIA,McLaren,17.0,17.0,223.0,35.60251572327045,0,3.681421874999998,1,0,8.0,0
Mexico,HUL,Haas F1 Team,10.0,10.0,26.0,35.60251572327045,0,3.9854193548386974,1,1,9.0,0
Mexico,GAS,Alpine,8.0,8.0,8.0,35.60251572327045,0,4.210306451612922,1,1,10.0,0
Mexico,STR,Aston Martin,14.0,14.0,22.0,35.60251572327045,0,4.305193548387109,1,1,11.0,0
Mexico,COL,Williams,16.0,16.0,5.0,35.60251572327045,0,4.298290322580641,1,1,12.0,0
Mexico,OCO,Alpine,0.0,19.0,5.0,35.60251572327045,0,4.397573770491803,1,1,13.0,0
Mexico,BOT,Kick Sauber,15.0,15.0,0.0,35.60251572327045,0,4.6059206349206505,1,1,14.0,0
Mexico,ZHO,Kick Sauber,19.0,20.0,0.0,35.60251572327045,0,4.822435483870976,1,1,15.0,0
Mexico,LAW,RB,12.0,12.0,2.0,35.60251572327045,0,4.276741379310337,2,1,16.0,0
Mexico,PER,Red Bull Racing,18.0,18.0,133.0,35.60251572327045,0,4.049127272727276,3,1,17.0,0
Mexico,ALO,Aston Martin,13.0,13.0,62.0,35.60251572327045,0,5.7862222222222215,1,1,18.0,0
Mexico,ALB,Williams,9.0,9.0,12.0,35.60251572327045,0,5.0,0,1,19.0,0
Mexico,TSU,RB,11.0,11.0,20.0,35.60251572327045,0,5.0,0,1,20.0,0
Brazil,VER,Red Bull Racing,17.0,12.0,305.0,25.769651741293536,1,2.765711538461545,1,0,1.0,1
Brazil,OCO,Alpine,4.0,4.0,5.0,25.769651741293536,1,3.51027586206898,1,0,2.0,0
Brazil,GAS,Alpine,13.0,15.0,9.0,25.769651741293536,1,3.486425925925957,1,0,3.0,0
Brazil,RUS,Mercedes,2.0,2.0,160.0,25.769651741293536,1,3.2718363636363677,2,0,4.0,0
Brazil,LEC,Ferrari,6.0,6.0,257.0,25.769651741293536,1,3.422607843137243,2,0,5.0,0
Brazil,NOR,McLaren,1.0,1.0,282.0,25.769651741293536,1,3.3210740740740903,2,0,6.0,0
Brazil,TSU,RB,3.0,3.0,20.0,25.769651741293536,1,3.6683396226415397,2,0,7.0,0
Brazil,PIA,McLaren,8.0,8.0,227.0,25.769651741293536,1,3.604865384615394,2,0,8.0,0
Brazil,LAW,RB,5.0,5.0,2.0,25.769651741293536,1,3.849215686274519,2,0,9.0,0
Brazil,HAM,Mercedes,14.0,16.0,168.0,25.769651741293536,1,3.946235294117656,2,0,10.0,0
Brazil,PER,Red Bull Racing,12.0,13.0,133.0,25.769651741293536,1,4.140867924528308,2,0,11.0,0
Brazil,BEA,Haas F1 Team,15.0,17.0,7.0,25.769651741293536,1,3.9572399999999988,2,0,12.0,0
Brazil,BOT,Kick Sauber,11.0,11.0,0.0,25.769651741293536,1,4.37227450980393,1,0,13.0,0
Brazil,ALO,Aston Martin,9.0,9.0,62.0,25.769651741293536,1,3.9677647058823595,2,0,14.0,0
Brazil,ZHO,Kick Sauber,19.0,20.0,0.0,25.769651741293536,1,4.96553999999999,4,0,15.0,0
Brazil,SAI,Ferrari,20.0,14.0,211.0,25.769651741293536,1,5.432357142857157,2,1,16.0,0
Brazil,COL,Williams,16.0,18.0,5.0,25.769651741293536,1,5.489200000000025,2,1,17.0,0
Brazil,ALB,Williams,7.0,7.0,12.0,25.769651741293536,1,5.0,0,1,18.0,0
Brazil,STR,Aston Martin,10.0,10.0,22.0,25.769651741293536,1,5.0,0,1,19.0,0
Brazil,HUL,Haas F1 Team,18.0,19.0,28.0,25.769651741293536,1,4.664391304347831,4,1,20.0,0
Las Vegas,RUS,Mercedes,1.0,1.0,172.0,17.723776223776223,0,2.7484130434782372,2,0,1.0,1
Las Vegas,HAM,Mercedes,10.0,10.0,169.0,17.723776223776223,0,2.6643555555555736,2,0,2.0,0
Las Vegas,SAI,Ferrari,2.0,2.0,211.0,17.723776223776223,0,2.7928666666666686,2,0,3.0,0
Las Vegas,LEC,Ferrari,4.0,4.0,267.0,17.723776223776223,0,2.824955555555519,2,0,4.0,0
Las Vegas,VER,Red Bull Racing,5.0,5.0,331.0,17.723776223776223,0,2.888688888888865,2,0,5.0,0
Las Vegas,NOR,McLaren,6.0,6.0,290.0,17.723776223776223,0,3.1434545454545315,3,0,6.0,0
Las Vegas,PIA,McLaren,8.0,8.0,231.0,17.723776223776223,0,3.4435111111110928,2,0,7.0,0
Las Vegas,HUL,Haas F1 Team,9.0,9.0,28.0,17.723776223776223,0,3.71388888888886,2,0,8.0,0
Las Vegas,TSU,RB,7.0,7.0,26.0,17.723776223776223,0,3.783355555555559,2,0,9.0,0
Las Vegas,PER,Red Bull Racing,15.0,16.0,133.0,17.723776223776223,0,3.6306444444444566,2,0,10.0,0
Las Vegas,ALO,Aston Martin,16.0,17.0,62.0,17.723776223776223,0,3.847177777777759,2,0,11.0,0
Las Vegas,MAG,Haas F1 Team,12.0,12.0,12.0,17.723776223776223,0,4.232617021276582,1,0,12.0,0
Las Vegas,ZHO,Kick Sauber,13.0,13.0,0.0,17.723776223776223,0,3.882088888888916,2,0,13.0,0
Las Vegas,COL,Williams,20.0,14.0,5.0,17.723776223776223,0,4.066586956521718,2,0,14.0,0
Las Vegas,STR,Aston Martin,18.0,20.0,22.0,17.723776223776223,0,3.7942444444444448,2,0,15.0,0
Las Vegas,LAW,RB,14.0,15.0,4.0,17.723776223776223,0,4.25022222222222,2,0,16.0,0
Las Vegas,OCO,Alpine,11.0,11.0,23.0,17.723776223776223,0,4.271441860465117,3,1,17.0,0
Las Vegas,BOT,Kick Sauber,19.0,19.0,0.0,17.723776223776223,0,4.545977272727271,2,1,18.0,0
Las Vegas,ALB,Williams,17.0,18.0,12.0,17.723776223776223,0,4.557952380952386,2,1,19.0,0
Las Vegas,GAS,Alpine,3.0,3.0,24.0,17.723776223776223,0,4.891636363636351,2,1,20.0,0
Qatar,VER,Red Bull Racing,2.0,1.0,341.0,22.773509933774836,0,2.289377777777787,3,0,1.0,1
Qatar,LEC,Ferrari,5.0,5.0,279.0,22.773509933774836,0,2.5821590909091015,3,0,2.0,0
Qatar,PIA,McLaren,4.0,4.0,237.0,22.773509933774836,0,2.6505681818181728,3,0,3.0,0
Qatar,RUS,Mercedes,1.0,2.0,197.0,22.773509933774836,0,2.9037674418604666,4,0,4.0,0
Qatar,GAS,Alpine,11.0,11.0,24.0,22.773509933774836,0,3.457227272727266,3,0,5.0,0
Qatar,SAI,Ferrari,7.0,7.0,226.0,22.773509933774836,0,2.9086744186046474,3,0,6.0,0
Qatar,ALO,Aston Martin,8.0,8.0,62.0,22.773509933774836,0,3.6713863636363584,3,0,7.0,0
Qatar,ZHO,Kick Sauber,12.0,12.0,0.0,22.773509933774836,0,3.807977272727271,3,0,8.0,0
Qatar,MAG,Haas F1 Team,10.0,10.0,12.0,22.773509933774836,0,3.9152790697674504,3,0,9.0,0
Qatar,NOR,McLaren,3.0,3.0,299.0,22.773509933774836,0,2.4987954545454585,4,0,10.0,0
Qatar,BOT,Kick Sauber,13.0,13.0,0.0,22.773509933774836,0,4.9410000000000025,3,0,11.0,0
Qatar,HAM,Mercedes,6.0,6.0,187.0,22.773509933774836,0,3.700930232558136,4,0,12.0,0
Qatar,TSU,RB,14.0,14.0,28.0,22.773509933774836,0,5.022822222222217,4,0,13.0,0
Qatar,LAW,RB,17.0,17.0,4.0,22.773509933774836,0,4.867181818181805,4,0,14.0,0
Qatar,ALB,Williams,16.0,16.0,12.0,22.773509933774836,0,5.005261904761895,4,1,15.0,0
Qatar,HUL,Haas F1 Team,18.0,18.0,32.0,22.773509933774836,0,5.309249999999992,4,1,16.0,0
Qatar,PER,Red Bull Racing,9.0,9.0,134.0,22.773509933774836,0,3.909133333333344,3,1,17.0,0
Qatar,STR,Aston Martin,15.0,15.0,22.0,22.773509933774836,0,11.212000000000003,3,1,18.0,0
Qatar,COL,Williams,19.0,19.0,5.0,22.773509933774836,0,5.0,0,1,19.0,0
Qatar,OCO,Alpine,20.0,20.0,23.0,22.773509933774836,0,5.0,0,1,20.0,0
Abu Dhabi,NOR,McLaren,1.0,1.0,301.0,31.805405405405406,0,2.9832909090909254,1,0,1.0,1
Abu Dhabi,SAI,Ferrari,3.0,3.0,234.0,31.805405405405406,0,3.0721090909090663,1,0,2.0,0
Abu Dhabi,LEC,Ferrari,19.0,14.0,297.0,31.805405405405406,0,3.367518518518523,1,0,3.0,0
Abu Dhabi,HAM,Mercedes,16.0,18.0,187.0,31.805405405405406,0,3.3759814814814746,1,0,4.0,0
Abu Dhabi,RUS,Mercedes,6.0,7.0,209.0,31.805405405405406,0,3.5231481481481524,1,0,5.0,0
Abu Dhabi,VER,Red Bull Racing,4.0,5.0,366.0,31.805405405405406,0,3.4582592592592647,1,0,6.0,0
Abu Dhabi,GAS,Alpine,5.0,6.0,34.0,31.805405405405406,0,4.244272727272715,1,0,7.0,0
Abu Dhabi,HUL,Haas F1 Team,7.0,4.0,32.0,31.805405405405406,0,4.198592592592604,1,0,8.0,0
Abu Dhabi,ALO,Aston Martin,8.0,8.0,68.0,31.805405405405406,0,3.9041509433962176,2,0,9.0,0
Abu Dhabi,PIA,McLaren,2.0,2.0,252.0,31.805405405405406,0,3.5185471698113133,2,0,10.0,0
Abu Dhabi,ALB,Williams,18.0,16.0,12.0,31.805405405405406,0,4.502849056603765,1,1,11.0,0
Abu Dhabi,TSU,RB,11.0,11.0,28.0,31.805405405405406,0,4.624240740740717,1,1,12.0,0
Abu Dhabi,ZHO,Kick Sauber,15.0,17.0,4.0,31.805405405405406,0,4.080269230769204,2,1,13.0,0
Abu Dhabi,STR,Aston Martin,13.0,13.0,22.0,31.805405405405406,0,4.24428846153846,2,1,14.0,0
Abu Dhabi,DOO,Alpine,17.0,20.0,0.0,31.805405405405406,0,4.734169811320726,1,1,15.0,0
Abu Dhabi,MAG,Haas F1 Team,14.0,15.0,14.0,31.805405405405406,0,4.232617021276596,4,1,16.0,0
Abu Dhabi,LAW,RB,12.0,12.0,4.0,31.805405405405406,0,4.425204081632643,3,1,17.0,0
Abu Dhabi,BOT,Kick Sauber,9.0,9.0,0.0,31.805405405405406,0,4.673639999999978,2,1,18.0,0
Abu Dhabi,COL,Williams,20.0,19.0,5.0,31.805405405405406,0,4.816619047619042,2,1,19.0,0
Abu Dhabi,PER,Red Bull Racing,10.0,10.0,134.0,31.805405405405406,0,5.0,0,1,20.0,0
